[
  {
    "id": "Luke Skywalker",
    "author": "172",
    "title": "77",
    "board": "blond",
    "link": "fair",
    "eye_color": "blue",
    "birth_year": "19BBY",
    "gender": "male"
  },
  {
    "id": "Luke Skywalker",
    "author": "172",
    "title": "77",
    "board": "blond",
    "link": "fair",
    "eye_color": "blue",
    "birth_year": "19BBY",
    "gender": "male"
  },
  {
    "id": "Luke Skywalker",
    "author": "172",
    "title": "77",
    "board": "blond",
    "link": "fair",
    "eye_color": "blue",
    "birth_year": "19BBY",
    "gender": "male"
  },
  {
    "id": "Luke Skywalker",
    "author": "172",
    "title": "77",
    "board": "blond",
    "link": "fair",
    "eye_color": "blue",
    "birth_year": "19BBY",
    "gender": "male"
  },
  {
    "id": "Luke Skywalker",
    "author": "172",
    "title": "77",
    "board": "blond",
    "link": "fair",
    "eye_color": "blue",
    "birth_year": "19BBY",
    "gender": "male"
  }
]