[
  {
    "id": "Luke Skywalker",
    "author": "ALMonds",
    "title": "因为抓人事件和男朋友吵到了分手边缘",
    "board": "笑口常开(Joke)",
    "link": "https://bdwm.net/v2/post-read.php?bid=72&threadid=16774640",
    "eye_color": "blue",
    "birth_year": "19BBY",
    "gender": "male"
  },
  {
    "id": "Luke Skywalker",
    "author": "172",
    "title": "77",
    "board": "blond",
    "link": "fair",
    "eye_color": "blue",
    "birth_year": "19BBY",
    "gender": "male"
  },
  {"id": "2", "title": "【法条+讨论】燕南119执法中的法律问题全直击",
    "board": "三角地(Triangle)",
    "author": "nicoleli",
    "link": "https://bdwm.net/v2/post-read.php?bid=22&threadid=16772978"}
]
