[{"id": 1, "title": "因为抓人事件和男朋友吵到了分手边缘", "board": "笑口常开(Joke)", "author": "ALMonds", "link": "https://bdwm.net/v2/post-read.php?bid=72&threadid=16774640"}, {"id": 2, "title": "【法条+讨论】燕南119执法中的法律问题全直击", "board": "三角地(Triangle)", "author": "nicoleli", "link": "https://bdwm.net/v2/post-read.php?bid=22&threadid=16772978"}, {"id": 3, "title": "带征女婿", "board": "鹊桥(PieBridge)", "author": "PKUwp", "link": "https://bdwm.net/v2/post-read.php?bid=167&threadid=16773054"}, {"id": 4, "title": "请相关部门发通知告诉行政老师们不要在走廊大声打电", "board": "北京大学图书馆(PKULibrary)", "author": "hjy", "link": "https://bdwm.net/v2/post-read.php?bid=25&threadid=16753912"}, {"id": 5, "title": "安利一个活动！毕业狗感受到了学校的暖意", "board": "找工作啦(Job)", "author": "pinapple", "link": "https://bdwm.net/v2/post-read.php?bid=99&threadid=16769943"}, {"id": 6, "title": "女朋友说她是性恶论的支持者，怎么办？", "board": "别问我是谁(SecretGarden)", "author": "Anonymous", "link": "https://bdwm.net/v2/post-read.php?bid=414&threadid=16773158"}, {"id": 7, "title": "近视手术靠谱吗？", "board": "医学与健康(Health)", "author": "hesihengg", "link": "https://bdwm.net/v2/post-read.php?bid=244&threadid=16770312"}, {"id": 8, "title": "拿到offer之后的纠结", "board": "找工作啦(Job)", "author": "benteke", "link": "https://bdwm.net/v2/post-read.php?bid=99&threadid=16773140"}, {"id": 9, "title": "警惕境外势力渗透 从严打击犯罪分子", "board": "三角地(Triangle)", "author": "watem", "link": "https://bdwm.net/v2/post-read.php?bid=22&threadid=16773374"}, {"id": 10, "title": "强烈建议更换京东配送员！！！", "board": "医学部(HSC)", "author": "cryxh", "link": "https://bdwm.net/v2/post-read.php?bid=138&threadid=16773167"}, {"id": 11, "title": "Re: 对一个非单身的人心动了【求拍醒】", "board": "男孩子(Boy)", "author": "QPZ", "link": "https://bdwm.net/v2/post-read.php?bid=52&threadid=16774228"}, {"id": 12, "title": "女朋友约会总是迟到，生气是我的问题么", "board": "别问我是谁(SecretGarden)", "author": "Anonymous", "link": "https://bdwm.net/v2/post-read.php?bid=414&threadid=16770352"}, {"id": 13, "title": "震惊了，肥宅会让自己的奶奶去帮忙抢周边么", "board": "动漫天地(Comic)", "author": "jefaystone", "link": "https://bdwm.net/v2/post-read.php?bid=108&threadid=16774165"}, {"id": 14, "title": "那天那个18级哲学系的研究生", "board": "别问我是谁(SecretGarden)", "author": "mydream", "link": "https://bdwm.net/v2/post-read.php?bid=414&threadid=16773474"}, {"id": 15, "title": "现在的女孩子，有多少可以接受裸婚？", "board": "别问我是谁(SecretGarden)", "author": "Anonymous", "link": "https://bdwm.net/v2/post-read.php?bid=414&threadid=16774593"}, {"id": 16, "title": "Diss天风证券", "board": "别问我是谁(SecretGarden)", "author": "Anonymous", "link": "https://bdwm.net/v2/post-read.php?bid=414&threadid=16774657"}, {"id": 17, "title": "留在北京的情侣如何解决未来四个老人的养老问题？", "board": "别问我是谁(SecretGarden)", "author": "Anonymous", "link": "https://bdwm.net/v2/post-read.php?bid=414&threadid=16774633"}, {"id": 18, "title": "谁能拉一个互喷群", "board": "三角地(Triangle)", "author": "Iamheaven", "link": "https://bdwm.net/v2/post-read.php?bid=22&threadid=16773523"}, {"id": 19, "title": "农总面试结果大概什么时候出", "board": "找工作啦(Job)", "author": "hlxxx", "link": "https://bdwm.net/v2/post-read.php?bid=99&threadid=16774425"}, {"id": 20, "title": "想问下博士申请", "board": "别问我是谁(SecretGarden)", "author": "Anonymous", "link": "https://bdwm.net/v2/post-read.php?bid=414&threadid=16774804"}, {"id": 21, "title": "水军的意义就是把所有事件都变成撕逼", "board": "三角地(Triangle)", "author": "botwatchu", "link": "https://bdwm.net/v2/post-read.php?bid=22&threadid=16774415"}, {"id": 22, "title": "工作清闲，怎么利用时间赚钱", "board": "别问我是谁(SecretGarden)", "author": "Anonymous", "link": "https://bdwm.net/v2/post-read.php?bid=414&threadid=16774292"}, {"id": 23, "title": "【出】580出ipad mini2银灰 16g", "board": "跳蚤市场(SecondHand)", "author": "pkknpku", "link": "https://bdwm.net/v2/post-read.php?bid=71&threadid=16774771"}, {"id": 24, "title": "我好菜啊", "board": "未名湖(Water)", "author": "ilion", "link": "https://bdwm.net/v2/post-read.php?bid=103&threadid=16774396"}, {"id": 25, "title": "【出】AOC 23.8寸显示器", "board": "跳蚤市场(SecondHand)", "author": "adacheng", "link": "https://bdwm.net/v2/post-read.php?bid=71&threadid=16774810"}, {"id": 26, "title": "女朋友在意我喜欢过别的女生怎么办", "board": "别问我是谁(SecretGarden)", "author": "Anonymous", "link": "https://bdwm.net/v2/post-read.php?bid=414&threadid=16773449"}, {"id": 27, "title": "30元转全新羽绒服", "board": "跳蚤市场(SecondHand)", "author": "yuyu", "link": "https://bdwm.net/v2/post-read.php?bid=71&threadid=16774387"}, {"id": 28, "title": "三地offer求比较", "board": "找工作啦(Job)", "author": "Sibylle", "link": "https://bdwm.net/v2/post-read.php?bid=99&threadid=16759562"}, {"id": 29, "title": "康美乐私教课13节", "board": "跳蚤市场(SecondHand)", "author": "sunshineyu", "link": "https://bdwm.net/v2/post-read.php?bid=71&threadid=16774667"}, {"id": 30, "title": "【出】小米90分旅行箱", "board": "跳蚤市场(SecondHand)", "author": "lankemu", "link": "https://bdwm.net/v2/post-read.php?bid=71&threadid=16774758"}, {"id": 31, "title": "【for GG】腆个大脸给自己征个友", "board": "鹊桥(PieBridge)", "author": "sillynatas", "link": "https://bdwm.net/v2/post-read.php?bid=167&threadid=16682190"}, {"id": 32, "title": "这样的人算情商高还是低，抑或是情商本身是个伪命题", "board": "别问我是谁(SecretGarden)", "author": "Anonymous", "link": "https://bdwm.net/v2/post-read.php?bid=414&threadid=16723792"}, {"id": 33, "title": "【喜】昌平线南延学院桥站C2口距离北医北门仅200米", "board": "医学部(HSC)", "author": "YuanWangLou", "link": "https://bdwm.net/v2/post-read.php?bid=138&threadid=16774431"}, {"id": 34, "title": "Re: 忽然get到了一点拍出胸肌的办法？？", "board": "男孩子(Boy)", "author": "DRL", "link": "https://bdwm.net/v2/post-read.php?bid=52&threadid=16773544"}, {"id": 35, "title": "好喜欢自己的Surface Book 2呀", "board": "笔记本电脑(Notebook)", "author": "quamarine", "link": "https://bdwm.net/v2/post-read.php?bid=484&threadid=16773180"}, {"id": 36, "title": "【简短测评】黄桥烧瓶", "board": "燕园食宿(CanteenDorm)", "author": "Amagi", "link": "https://bdwm.net/v2/post-read.php?bid=1431&threadid=16774762"}, {"id": 37, "title": "感觉要抑郁", "board": "男孩子(Boy)", "author": "hesihengg", "link": "https://bdwm.net/v2/post-read.php?bid=52&threadid=16770073"}, {"id": 38, "title": "我在新太阳二楼拍的照消失了", "board": "笑口常开(Joke)", "author": "hanxv", "link": "https://bdwm.net/v2/post-read.php?bid=72&threadid=16773558"}, {"id": 39, "title": "我们一起走过的许多年~~~", "board": "男孩子(Boy)", "author": "towerandcola", "link": "https://bdwm.net/v2/post-read.php?bid=52&threadid=16304077"}, {"id": 40, "title": "饥荒熔炉拉的起来6人队伍么", "board": "电子游戏(Game)", "author": "Amagi", "link": "https://bdwm.net/v2/post-read.php?bid=49&threadid=16756657"}, {"id": 41, "title": "产品offer求比较～", "board": "找工作啦(Job)", "author": "priscilla", "link": "https://bdwm.net/v2/post-read.php?bid=99&threadid=16773104"}, {"id": 42, "title": "激进和中立人群组成的组织应避免走向激进", "board": "三角地(Triangle)", "author": "Willcz", "link": "https://bdwm.net/v2/post-read.php?bid=22&threadid=16772527"}, {"id": 43, "title": "Offer求比较：华为、平安产险、碧桂园", "board": "找工作啦(Job)", "author": "IsAlex", "link": "https://bdwm.net/v2/post-read.php?bid=99&threadid=16774661"}, {"id": 44, "title": "寻找卤肥肠还有辣子肥肠", "board": "重庆(ChongQing)", "author": "Annranara", "link": "https://bdwm.net/v2/post-read.php?bid=463&threadid=16739207"}, {"id": 45, "title": "看到舆论风向感到很开心", "board": "三角地(Triangle)", "author": "gunrose", "link": "https://bdwm.net/v2/post-read.php?bid=22&threadid=16770478"}, {"id": 46, "title": "18级小学弟，想问一下北大小给给们都是如何生存的", "board": "男孩子(Boy)", "author": "Andre", "link": "https://bdwm.net/v2/post-read.php?bid=52&threadid=16761310"}, {"id": 47, "title": "【for GG】性别男，想试一下找男朋友", "board": "鹊桥(PieBridge)", "author": "nowayhahaha", "link": "https://bdwm.net/v2/post-read.php?bid=167&threadid=16772928"}, {"id": 48, "title": "【for GG】坐标成都，帮闺蜜征友", "board": "鹊桥(PieBridge)", "author": "lingxi", "link": "https://bdwm.net/v2/post-read.php?bid=167&threadid=16691195"}, {"id": 49, "title": "办公楼南侧转弯处，P28Y97天天晚上停放", "board": "校长信箱(PKU_Suggest)", "author": "pianpian", "link": "https://bdwm.net/v2/post-read.php?bid=438&threadid=16750940"}, {"id": 50, "title": "【For MM】代隔壁蠢萌型大叔征妹子啦[有图][有更新]", "board": "鹊桥(PieBridge)", "author": "wuhuagumu", "link": "https://bdwm.net/v2/post-read.php?bid=167&threadid=16407722"}, {"id": 51, "title": "在哪儿能认识北大萌新们", "board": "男孩子(Boy)", "author": "liushuyuan", "link": "https://bdwm.net/v2/post-read.php?bid=52&threadid=16774824"}, {"id": 52, "title": "美版双网通 银色64g iPhonex，官换新机，带配件5600", "board": "跳蚤市场(SecondHand)", "author": "qczju", "link": "https://bdwm.net/v2/post-read.php?bid=71&threadid=16754579"}, {"id": 53, "title": "求问诸君的mb屏幕都是用什么擦的呀", "board": "苹果爱好者(Apple)", "author": "Doge", "link": "https://bdwm.net/v2/post-read.php?bid=488&threadid=16724182"}, {"id": 54, "title": "【出】联想active pen电磁手写笔，绿联type-c扩展坞", "board": "跳蚤市场(SecondHand)", "author": "jecing", "link": "https://bdwm.net/v2/post-read.php?bid=71&threadid=16772861"}, {"id": 55, "title": "小白购苹果X求建议！！！", "board": "跳蚤市场(SecondHand)", "author": "Lynnling", "link": "https://bdwm.net/v2/post-read.php?bid=71&threadid=16773199"}, {"id": 56, "title": "暖气片温度大概多高？乌龟放在旁边会热死吗？", "board": "燕园食宿(CanteenDorm)", "author": "WISCHILY", "link": "https://bdwm.net/v2/post-read.php?bid=1431&threadid=16716336"}, {"id": 57, "title": "面试的电话一直不来", "board": "找工作啦(Job)", "author": "haoooo", "link": "https://bdwm.net/v2/post-read.php?bid=99&threadid=16774406"}, {"id": 58, "title": "How does this make sense?", "board": "非主流文化(Counterculture)", "author": "Dirichlet", "link": "https://bdwm.net/v2/post-read.php?bid=251&threadid=16734266"}, {"id": 59, "title": "京东自营烤馍、卤蛋散卖", "board": "跳蚤市场(SecondHand)", "author": "ghostplant", "link": "https://bdwm.net/v2/post-read.php?bid=71&threadid=16669730"}, {"id": 60, "title": "如何暗示男生你喜欢他", "board": "别问我是谁(SecretGarden)", "author": "Anonymous", "link": "https://bdwm.net/v2/post-read.php?bid=414&threadid=16769779"}, {"id": 61, "title": "发个帖 ，请集中推荐一下食堂好吃的面", "board": "三秦大地(ShaanXi)", "author": "skiptomyloul", "link": "https://bdwm.net/v2/post-read.php?bid=466&threadid=16756191"}, {"id": 62, "title": "转全新xs max原装耳机", "board": "跳蚤市场(SecondHand)", "author": "pregnantmule", "link": "https://bdwm.net/v2/post-read.php?bid=71&threadid=16774764"}, {"id": 63, "title": "打算参加选调的同学交流一下~", "board": "找工作啦(Job)", "author": "thuyuyue", "link": "https://bdwm.net/v2/post-read.php?bid=99&threadid=16750652"}, {"id": 64, "title": "转：BOSE耳机 ，网球拍，羽毛球拍", "board": "跳蚤市场(SecondHand)", "author": "lilinghui", "link": "https://bdwm.net/v2/post-read.php?bid=71&threadid=16716194"}, {"id": 65, "title": "为什么叫猫咪", "board": "流浪猫关爱协会(lostangel)", "author": "lovecatcat", "link": "https://bdwm.net/v2/post-read.php?bid=783&threadid=16773330"}, {"id": 66, "title": "行业比较：新能源汽车、金融科技还是商业地产", "board": "找工作啦(Job)", "author": "lysfn", "link": "https://bdwm.net/v2/post-read.php?bid=99&threadid=16753910"}, {"id": 67, "title": "【户口】应届生居然交过北京社保还能拿到北京户口", "board": "找工作啦(Job)", "author": "zhbzhbzhbz", "link": "https://bdwm.net/v2/post-read.php?bid=99&threadid=16750153"}, {"id": 68, "title": "北大将建昌平新校区，布局应用型学科和新型工科", "board": "北大发展(PKUdevelopment)", "author": "Hugo", "link": "https://bdwm.net/v2/post-read.php?bid=294&threadid=16769880"}, {"id": 69, "title": "国家电网值不值得去呀", "board": "找工作啦(Job)", "author": "xjyxjy", "link": "https://bdwm.net/v2/post-read.php?bid=99&threadid=16753915"}, {"id": 70, "title": "5元转小米2手环腕带", "board": "跳蚤市场(SecondHand)", "author": "yuyu", "link": "https://bdwm.net/v2/post-read.php?bid=71&threadid=16774241"}, {"id": 71, "title": "win7系统出问题", "board": "笔记本电脑(Notebook)", "author": "aqiln", "link": "https://bdwm.net/v2/post-read.php?bid=484&threadid=16774229"}, {"id": 72, "title": "【投诉】学一肉蛋类菜品的“品质”变化", "board": "燕园食宿(CanteenDorm)", "author": "ybtq", "link": "https://bdwm.net/v2/post-read.php?bid=1431&threadid=16773360"}, {"id": 73, "title": "支持学校！学校加油！", "board": "三角地(Triangle)", "author": "cake", "link": "https://bdwm.net/v2/post-read.php?bid=22&threadid=16772841"}, {"id": 74, "title": "又被合集了，服了，到底凭啥呀", "board": "别问我是谁(SecretGarden)", "author": "Anonymous", "link": "https://bdwm.net/v2/post-read.php?bid=414&threadid=16774547"}, {"id": 75, "title": "在看wtf三百期合集、、、", "board": "刀塔(DotA)", "author": "monsterswalk", "link": "https://bdwm.net/v2/post-read.php?bid=1067&threadid=16769143"}, {"id": 76, "title": "[联署]Liviee支持Smart申请实习站务", "board": "站务、仲裁申请(Application)", "author": "Liviee", "link": "https://bdwm.net/v2/post-read.php?bid=368&threadid=16773442"}, {"id": 77, "title": "举报LJX无故封禁", "board": "投诉与处理(Complain)", "author": "ziweisager", "link": "https://bdwm.net/v2/post-read.php?bid=369&threadid=16774747"}, {"id": 78, "title": "有没有汉服社团", "board": "未名湖(Water)", "author": "alley", "link": "https://bdwm.net/v2/post-read.php?bid=103&threadid=16774891"}, {"id": 79, "title": "为何拿破仑一战二战皆失败，无人能统一欧洲世界", "board": "非主流文化(Counterculture)", "author": "ziweisager", "link": "https://bdwm.net/v2/post-read.php?bid=251&threadid=16774669"}, {"id": 80, "title": "【征友】有照片的征友贴*^_^*", "board": "男孩子(Boy)", "author": "Oero", "link": "https://bdwm.net/v2/post-read.php?bid=52&threadid=16586314"}, {"id": 81, "title": "【抢11赢真金】结果公告", "board": "薅羊毛(Coupon)", "author": "hcwanghao", "link": "https://bdwm.net/v2/post-read.php?bid=1380&threadid=16773095"}, {"id": 82, "title": "【吃灰】全新黑色kindle paperwhite 3+保护套", "board": "跳蚤市场(SecondHand)", "author": "Tadashi", "link": "https://bdwm.net/v2/post-read.php?bid=71&threadid=16773493"}, {"id": 83, "title": "FML18-19 联赛排名预测", "board": "体育游戏(Sports_Game)", "author": "KakaHiguain", "link": "https://bdwm.net/v2/post-read.php?bid=519&threadid=16543399"}, {"id": 84, "title": "【国开进出口】一般笔试完多久给面试通知啊", "board": "找工作啦(Job)", "author": "xxwmpku", "link": "https://bdwm.net/v2/post-read.php?bid=99&threadid=16730193"}, {"id": 85, "title": "【for GG】Don’t wait for it to happen", "board": "鹊桥(PieBridge)", "author": "bdzhwgt", "link": "https://bdwm.net/v2/post-read.php?bid=167&threadid=16690953"}, {"id": 86, "title": "强迫症患者问几个老生常谈的问题", "board": "健美健身(Fitness)", "author": "Tranquilsun", "link": "https://bdwm.net/v2/post-read.php?bid=219&threadid=16774872"}, {"id": 87, "title": "出售二手电磁炉", "board": "跳蚤市场(SecondHand)", "author": "sdzchx", "link": "https://bdwm.net/v2/post-read.php?bid=71&threadid=16715797"}, {"id": 88, "title": "Vg明天一点bo3败者组对阵pain", "board": "刀塔(DotA)", "author": "hrcegg", "link": "https://bdwm.net/v2/post-read.php?bid=1067&threadid=16773529"}, {"id": 89, "title": "经典正品全新阿迪达斯三叶草男鞋41码", "board": "跳蚤市场(SecondHand)", "author": "clingqiqi", "link": "https://bdwm.net/v2/post-read.php?bid=71&threadid=16774224"}, {"id": 90, "title": "校内专利事务所有哪几家？", "board": "三角地(Triangle)", "author": "kilb", "link": "https://bdwm.net/v2/post-read.php?bid=22&threadid=16774600"}, {"id": 91, "title": "有MacBook Pro是否还有入手surfacePro6的必要", "board": "笔记本电脑(Notebook)", "author": "dejavuuu", "link": "https://bdwm.net/v2/post-read.php?bid=484&threadid=16721454"}, {"id": 92, "title": "晚饭很开心", "board": "且歌且行(HappyLife)", "author": "mayyao", "link": "https://bdwm.net/v2/post-read.php?bid=150&threadid=16757293"}, {"id": 93, "title": "举报naiiive无端封禁，请区务处理", "board": "一区区务(Admin1)", "author": "ziweisage", "link": "https://bdwm.net/v2/post-read.php?bid=748&threadid=16772433"}, {"id": 94, "title": "【出】iPhone6s 64gb，苹果数据线充电器，iwatch1", "board": "跳蚤市场(SecondHand)", "author": "fatemystery", "link": "https://bdwm.net/v2/post-read.php?bid=71&threadid=16774549"}, {"id": 95, "title": "明明有想法，也有数据库却很怕写论文怎么办", "board": "心理健康教育与咨询中心(MentalityEdu)", "author": "Anonymous", "link": "https://bdwm.net/v2/post-read.php?bid=690&threadid=16774267"}, {"id": 96, "title": "正品全新阿迪时尚小白鞋43码（适合42码42.5码的脚）", "board": "跳蚤市场(SecondHand)", "author": "clingqiqi", "link": "https://bdwm.net/v2/post-read.php?bid=71&threadid=16664904"}, {"id": 97, "title": "我想到了一个回应歧视的好方法（打嘴炮时）", "board": "非主流文化(Counterculture)", "author": "floweret", "link": "https://bdwm.net/v2/post-read.php?bid=251&threadid=16772352"}, {"id": 98, "title": "排精会影响健康吗", "board": "医学与健康(Health)", "author": "Anonymous", "link": "https://bdwm.net/v2/post-read.php?bid=244&threadid=16770329"}, {"id": 99, "title": "【for GG】代温柔可爱的92年妹纸征友", "board": "鹊桥(PieBridge)", "author": "ProtonDecay", "link": "https://bdwm.net/v2/post-read.php?bid=167&threadid=16774327"}, {"id": 100, "title": "关于扎实的财会基础标准？？？", "board": "找工作啦(Job)", "author": "zryoung", "link": "https://bdwm.net/v2/post-read.php?bid=99&threadid=16716316"}]